headline,date,doc_type,material_type,section,abstract,first_paragraph,keywords,web_url
How Are Ties Broken in Tennis? That Depends,2019-01-12,article,News,,"There are four Grand Slam tournaments, and this year they each will have a different way to solve a tie.","Difficult as it might be to remember at this time-is-money stage in tennis, the sport once had no tiebreakers.","['Wimbledon Tennis Tournament', 'French Open (Tennis)', 'Australian Open (Tennis)', 'United States Open (Tennis)', 'Masters Golf Tournament']",https://www.nytimes.com/2019/01/12/sports/tennis/how-are-ties-broken-in-tennis-that-depends.html
The Masters on Halloween? Golf Weighs Tradition Against the Calendar,2020-04-01,article,News,,The five different governing bodies of golf’s most prestigious tournaments are considering unconventional concessions in order to salvage the season.,"If golf’s biggest events are to be salvaged this year, the game’s leaders must find an uncommon wellspring of creativity and flexibility. The first two men’s Grand Slam events of the year, the Masters and the P.G.A. Championship, have already been postponed indefinitely, and the schedules for the two others, the United States and British Opens, are teetering as the coronavirus increasingly alters lives around the globe.","['Golf', 'PGA Championship', 'United States Open (Golf)', 'Masters Golf Tournament', 'British Open (Golf)', 'Coronavirus (2019-nCoV)']",https://www.nytimes.com/2020/04/01/sports/golf/golf-majors-masters-coronavirus.html
Where the Major Sports Stand Amid the Coronavirus Pandemic,2020-04-09,article,News,,A snapshot look at how the global sports calendar has shifted because of the virus.,"Nearly every sporting event, major and minor, has been canceled, moved or postponed because of the coronavirus pandemic. The question now, to which no one really knows the answer, is when games will come back.","['UEFA Champions League (Soccer)', 'United States Open (Golf)', ""Giro d'Italia (Bicycle Race)"", 'PGA Championship', 'Triple Crown (Horse Racing)', 'British Open (Golf)', 'London Marathon', 'Masters Golf Tournament', 'Kentucky Derby', 'Preakness Stakes', 'French Open (Tennis)', 'Wimbledon Tennis Tournament', 'Coronavirus (2019-nCoV)', 'Indianapolis 500 (Auto Race)']",https://www.nytimes.com/article/coronavirus-sports-leagues-returning-canceled.html
What We Miss Without the Masters,2020-04-10,article,News,,The collective gathering to view the tournament’s poignant trademark finale is as much of an event as the golf itself.,"The day after his stirring, historic victory at last year’s Masters tournament, Tiger Woods grabbed his cellphone to check the feedback about his monumental achievement.","['Golf', 'Masters Golf Tournament']",https://www.nytimes.com/2020/04/10/sports/golf/masters-tiger-woods.html
"With Masters Postponed, Not Canceled, Golfers Hope for a Do-Over",2020-03-13,article,News,,Golf’s first major tournament of the season was postponed indefinitely on Friday because of the spread of coronavirus.,"The 2020 Masters Tournament, golf’s first major championship and a signature, springtime event in American sports, was postponed Friday morning by its host, the Augusta National Golf Club, because of the coronavirus pandemic that has led to sweeping changes across the world.","['Golf', 'Masters Golf Tournament']",https://www.nytimes.com/2020/03/13/sports/golf/masters-postponed.html
A Tolerable Redemption for Tiger Woods,2019-06-13,article,News,,"His journey back has been morally and medically arduous. But here he is, basking in adulation, smiling with President Trump, defying his sport’s and society’s expectations.","Last month, the president awarded Tiger Woods the Presidential Medal of Freedom. The ceremony took place in the White House Rose Garden, a couple of weeks after Woods’s desperately prayed-for win at the Masters golf tournament.","['Golf', 'United States Open (Golf)', 'Presidential Medal of Freedom', 'Masters Golf Tournament']",https://www.nytimes.com/2019/06/13/sports/golf/tiger-woods-wesley-morris.html
Bryson DeChambeau’s Golf Revolution Turns Toward the Masters,2020-11-09,article,News,,"DeChambeau aims to conquer genteel Augusta National with brute force. Given his play since bulking up over the past year, lots of golfers — and bettors — think he can.","Asked about his childhood as he stood on the practice range at a golf tournament in Connecticut this summer, Bryson DeChambeau said his overriding memory was a conviction that a nonconformist would eventually get more done.","['Golf', 'United States Open (Golf)', 'Masters Golf Tournament', 'Content Type: Personal Profile']",https://www.nytimes.com/2020/11/09/sports/golf/bryson-dechambeau-masters-augusta.html
Count Tiger Woods Out? Not at Augusta National,2020-11-10,article,News,,"Woods’s 2019 Masters win was one of the most dramatic revivals in sports. Despite his back pain and the tournament’s odd November start, most expect him to contend for a record-tying sixth victory.","The most mesmerizing moment of Tiger Woods’s seismic 2019 Masters victory featured the intimidating stillness of a silent stare. Standing defiantly on the 12th green with arms folded across his chest during the final round, Woods glared pitilessly at his closest rivals.","['Golf', 'Masters Golf Tournament']",https://www.nytimes.com/2020/11/10/sports/golf/tiger-woods-masters-tournament-augusta.html
"At Augusta National, Not Talking About Race Is Tradition",2020-11-10,article,News,,"A plan to honor Lee Elder, the first Black golfer to compete in the Masters, highlights the glacial pace of change at the club that hosts golf’s marquee event.","The coronavirus pandemic has silenced the Masters Tournament’s resonant roars. It has erased the par-3 contest, drained the color from the wintering azaleas and brought brisk north winds into play for the first time. This week’s tournament, rescheduled from the first major of the year to the last and stripped down to better safeguard the participants from the virus, is happening in one kind of bubble.","['Golf', 'Masters Golf Tournament', 'Black People', 'Blacks', 'Race and Ethnicity', 'Discrimination']",https://www.nytimes.com/2020/11/10/sports/golf/lee-elder-masters-augusta-national.html
"Detonating the Masters, One Power Drive at a Time",2020-11-10,article,News,,"Bryson DeChambeau mapped out his Masters plan on Tuesday, which included bombing his tee shots over 100-foot tall pine trees and maybe breaking out the longest driver in golf.","AUGUSTA, Ga. — Bryson DeChambeau was specific on Tuesday about his long-driving plans to brazenly overrun the Augusta National Golf Club, home to the Masters tournament since 1934. For sports fans who do not follow golf, here are some points of reference:","['Golf', 'Masters Golf Tournament']",https://www.nytimes.com/2020/11/10/sports/golf/bryson-dechambeau-driver-masters-tournament.html
What’s Different About a November Masters?,2020-11-11,article,News,,A lot. No sporting event does springtime iconography like the Masters. But many of its traditions have been altered as men's golf’s first major moved to fall.,"The Masters does set-your-watch-to-it formality better than any sporting event. From the prominent green jacket ceremony to the mundane paint on sewer covers, every detail of the tournament is coordinated and beholden to a familiar presentation. This is how the youngest of the men’s golf major championships achieved such rapid brand strength and popularity.","['Golf', 'Masters Golf Tournament', 'Television', 'Coronavirus (2019-nCoV)']",https://www.nytimes.com/2020/11/11/sports/golf/masters-rules-covid.html
The 2020 Masters: DeChambeau’s Challengers Aren’t Exactly Long Shots,2020-11-12,article,News,,The world No. 5 golfer Rory McIlroy and the second-ranked Jon Rahm could stand in the way of the long-driving Bryson DeChambeau’s quest for a green jacket.,"The Masters, as its name might convey, has the smallest field in men’s major championship golf by a considerable margin. The United States Open, British Open, and P.G.A. Championship all have 156-player fields, while Augusta National almost never extends invitations to more than 100 players — and prefers to stay comfortably below that mark.","['Golf', 'Masters Golf Tournament']",https://www.nytimes.com/2020/11/12/sports/golf/masters-field-tee-times.html
"Augusta’s Green Jackets: For Winners, Members (and Buyers) Only",2020-11-12,article,News,,"The club’s green jackets — awarded to its members and Masters winners — are not supposed to leave its grounds. A rare few have, becoming an expensive holy grail for memorabilia collectors.","AUGUSTA, Ga. — Christopher O’Brien is not a member of Augusta National Golf Club, much less a Masters champion. He once played the course “well enough to enjoy it, not well enough to brag about it.”","['Golf', 'Masters Golf Tournament', 'Coats and Jackets', 'Memorabilia and Souvenirs']",https://www.nytimes.com/2020/11/12/sports/golf/green-jacket-masters.html
Tiger Woods Starts Strong at the Masters as Paul Casey Leads an Incomplete Round,2020-11-13,article,News,,"Casey shot seven under par on Thursday, and Woods was four under, after rain delayed the start of tournament and left many golfers with unfinished rounds.","AUGUSTA, Ga. — At ease as he played his 87th round at the Masters, Tiger Woods stalked the Augusta National Golf Club on Thursday with the aplomb of someone sauntering through his living room in search of his favorite recliner, foot stool and coaster, for the cool drink in his hand. Shot by shot, the path was so familiar he could have negotiated it in the dark.","['Golf', 'Masters Golf Tournament', 'Coronavirus (2019-nCoV)']",https://www.nytimes.com/2020/11/12/sports/golf/masters-leaderboard-day-1.html
What to Expect on Day 2 of the 2020 Masters,2020-11-13,article,News,,"Thursday’s rain delay means many players will have to scramble to finish the second round of the tournament, which Paul Casey leads at seven under par.","Thursday’s morning rainstorm at Augusta National sufficiently muddled plans at the 2020 Masters. But after a nearly three-hour delay that thwarted Bryson DeChambeau’s strategy for domination — he rebounded from a double-bogey on the par-5 13th hole to shoot a two-under-par 70 — play resumed with 27 of the 48 players who had finished their rounds breaking par for the day. Among them was the reigning champion, Tiger Woods, who logged a four-under 68 on Day 1 to finish three strokes behind the leader, the Englishman Paul Casey.","['Golf', 'Masters Golf Tournament']",https://www.nytimes.com/2020/11/13/sports/golf/masters-leaderboard-day-2.html
"For Aging Masters Champions, Pandemic Cannot Mute Augusta’s Call",2020-11-13,article,News,,"Despite the coronavirus crisis, many of the older men who won the Masters reunited at the tournament that helped make them famous. Some are even playing.","AUGUSTA, Ga. — The men met for dinner at Augusta National Golf Club on Tuesday night. They donned their green jackets, asked after grandchildren, cracked wise, drank wine and thought back to the long-ago shots that were their meal tickets now.","['Golf', 'Masters Golf Tournament', 'Coronavirus (2019-nCoV)']",https://www.nytimes.com/2020/11/13/sports/golf/masters-champions-dinner.html
Bryson DeChambeau’s Ball Search Pushes Him Out of Masters Hunt,2020-11-14,article,News,,"After predictions that he would dominate Augusta National, DeChambeau had a meltdown on the third hole Friday that put him below the projected cut line with six holes of his second round left to finish on Saturday morning.","AUGUSTA, Ga. — It was almost a given that Bryson DeChambeau would do something memorable at this year’s Masters tournament. It did not figure to be a booming tee shot so high in the Georgia sky that it landed clear out of sight.","['Golf', 'Masters Golf Tournament']",https://www.nytimes.com/2020/11/13/sports/golf/bryson-dechambeau-masters-leaderboard-day-2.html
A Lack of Fans at the Masters Strains Those Who Would Sell the Experience,2020-11-14,article,News,,"Passes to the Masters are some of the most expensive tickets in sports. But with fans barred from Augusta National Golf Club and other venues this year, many resellers are under pressure.","AUGUSTA, Ga. — For about two decades, James DiZoglio has run a bazaar to sell some of the most cherished tickets in sports. His scalping locale has always been the same: near the TBonz Steakhouse and the Augusta Best Inn down the street from the site of the Masters.","['Golf', 'Masters Golf Tournament', 'Ticket Scalping']",https://www.nytimes.com/2020/11/14/sports/golf/masters-tickets.html
"Rory McIlroy Aims for Balance, and a Green Jacket",2020-11-14,article,News,,"McIlroy, still seeking a Masters win for a career Grand Slam, struggled in the first round at Augusta National but rebounded in the second.","Rory McIlroy watched the flight of his ball in dismay on Friday morning. “That’s so bad,” he said. “Oh my God.”","['Golf', 'Masters Golf Tournament']",https://www.nytimes.com/2020/11/14/sports/golf/rory-mcilroy-masters.html
Masters Mentorship Puts Tournament Rookies on Top,2020-11-15,article,News,,"On Saturday, 14 first-timers made the rain-delayed cut, a Masters record. Many of them benefited from pretournament sessions with seasoned Masters veterans.","AUGUSTA, Ga. — By the time he reached Augusta National Golf Club’s 17th tee during Monday’s practice round, Cameron Champ had talked with his stand-in coach and tour guide about his upcoming wedding and how to navigate the course’s greens.","['Golf', 'Masters Golf Tournament']",https://www.nytimes.com/2020/11/14/sports/golf/masters-sungjae-im-rookies.html
Dustin Johnson Widens Masters Lead and Eyes Scoring Record,2020-11-15,article,News,,"The No. 1-ranked golfer played in one lead-up event before the Masters after a positive coronavirus test felled him in October. Despite the rust, he leads the field by four strokes after three rounds.","AUGUSTA, Ga. — Perhaps it is fitting that the player leading the biggest golf tournament of 2020 prepared for the event last month by self-isolating in a hotel room for 11 days after a positive coronavirus test result.","['Golf', 'Masters Golf Tournament']",https://www.nytimes.com/2020/11/14/sports/golf/masters-results-dustin-johnson.html
The 2020 Masters: Dustin Johnson Sets Scoring Record,2020-11-15,article,News,,"Dustin Johnson won the Masters at 20 under, five strokes ahead of Australia’s Cameron Smith and Sungjae Im of South Korea.","Dustin Johnson won the 2020 Masters and set a scoring record at 20 under par, two strokes better than the former record, held jointly by Tiger Woods and Jordan Spieth. Johnson, who grew up an hour away, in South Carolina, became the first world No. 1 to win the event since Woods in 2001.","['Golf', 'Masters Golf Tournament']",https://www.nytimes.com/2020/11/15/sports/golf/masters-leaderboard-day-4.html
Dustin Johnson Wins 2020 Masters in Record Fashion,2020-11-15,article,News,,"Johnson, the No. 1-ranked golfer in the world, won with a score of 20 under par, the first player to reach that total at Augusta National.","AUGUSTA, Ga. — For 10 years, Dustin Johnson’s chase for career-defining, major championship titles was tinged with ruthless angst, misfortune and calamitous setbacks.","['Golf', 'Masters Golf Tournament', 'Records and Achievements']",https://www.nytimes.com/2020/11/15/sports/golf/dustin-johnson-masters-win.html
Tiger Woods Faced Disaster at the Masters. He Stuck Through It Anyway.,2020-11-15,article,News,,"After a horrific appearance at No. 12, the five-time Masters winner did not fade — even with no hope of another green jacket and almost no one around to watch.","AUGUSTA, Ga. — Tiger Woods had just birdied three holes on Sunday at the Masters when he stood at the tee box at No. 18. A few of the men sitting around the 17th green did not bother to watch.","['Golf', 'Masters Golf Tournament']",https://www.nytimes.com/2020/11/15/sports/golf/masters-tiger-woods-finish.html
Will Augusta National’s New Event for Women Upstage L.P.G.A. Stars?,2019-04-03,article,News,,"Augusta National officials have trumpeted their amateur invitational as a grand stage for women’s golf, even though it conflicts with the first major of the year.","RANCHO MIRAGE, Calif. — Albane Valenzuela could have been teeing it up Wednesday in the inaugural Augusta National Women’s Amateur, where the contestants who survive the cut will play the final 18 holes on the fabled course where men will compete at the Masters next week.","['Masters Golf Tournament', 'Golf', 'Women and Girls']",https://www.nytimes.com/2019/04/03/sports/augusta-national-women.html
The Snake Lady and the Masters: Augusta Imagines Life Post-Strip Clubs,2019-04-08,article,News,,"It is hard to imagine Augusta without Whitey Lester, a downtown fixture for decades and the city’s last strip-club impresario.","AUGUSTA, Ga. — “Folks,” the radio host wrote on his Facebook page, “reports of Whitey Lester’s death were apparently incorrect.”","['Golf', 'Masters Golf Tournament', 'Strip Clubs and Strippers']",https://www.nytimes.com/2019/04/08/us/masters-augusta-strip-clubs.html
"Tiger Woods Hunts for Another Masters, a Decade After Crash",2019-04-10,article,News,,"Tiger Woods’s life came apart 10 years ago. Then came surgeries on his back, battles with painkillers. Another green jacket would be nice.","AUGUSTA, Ga. — The 10th anniversary of the Thanksgiving night car crash that changed the course of golf history is months away. But as a smiling Tiger Woods exited the Augusta National Golf Club clubhouse on Tuesday to cheers and applause, it was not too soon to consider his renaissance since the fall from grace that began when his then wife chased her philandering husband from their home and he drove his S.U.V. into a neighbor’s tree.",['Masters Golf Tournament'],https://www.nytimes.com/2019/04/10/sports/tiger-woods-masters.html
Sergio García’s Hunt for the Perfect Caddie,2019-04-11,article,News,,"He considered his wife and a former tennis star before settling on his brother. “He’s excited about caddying here, but it is not the holidays.”","AUGUSTA, Ga. — The first time that Sergio García’s older brother, Victor, caddied for him at the Masters, García handed him his putter on the ninth hole of the Wednesday par-3 contest and watched him drain a 25-foot birdie attempt. More than a decade later, Victor is again inside the ropes at Augusta National with his brother, but this time he will be shepherding García through the 72-hole tournament, which began Thursday.",['Masters Golf Tournament'],https://www.nytimes.com/2019/04/11/sports/sergio-caddie.html
Brooks Koepka and Bryson DeChambeau Share the Masters Lead,2019-04-11,article,News,,"Tiger Woods led for part of the opening round. He shot a two-under-par 70, the same first-round score he had when he won in 1997, 2001 and 2002.","AUGUSTA, Ga. — The methodical, ever calculating Bryson DeChambeau, who last week put himself through a 14-hour practice session to decipher the effect of what he called the “spin loft curve” of his wedges, was asked late Thursday to assess the final nine holes of his first round at the 2019 Masters.","['Golf', 'Masters Golf Tournament']",https://www.nytimes.com/2019/04/11/sports/tiger-woods-masters.html
"Tony Finau, on Another Masters Adventure, Carries Memories of an Idol",2019-04-11,article,News,,"Finau kept a ball signed by Billy Casper, the 1970 champion, in his bag during the opening round. Casper had offered encouragement to Finau when he was taking up golf.",Tony Finau put a lucky 13th ball in his bag for his opening round of one-under-par 71 on Thursday at the Masters.,"['Golf', 'Masters Golf Tournament']",https://www.nytimes.com/2019/04/11/sports/masters-tony-finau-billy-casper.html
A Masters Plastic Cup Is Almost as Treasured as a Green Jacket,2019-04-12,article,News,,"People do strange things at Augusta National, including sifting through garbage cans in search of soft drink cups adorned with a certain logo.","AUGUSTA, Ga. — The most coveted souvenir at the Masters is found in the garbage.","['Masters Golf Tournament', 'Golf', 'Collectors and Collections']",https://www.nytimes.com/2019/04/12/sports/masters-cups.html
"A Pack of Champs Lead the Masters, and Tiger Woods Refuses to Be Tripped Up",2019-04-12,article,News,,"Five major winners, including Francesco Molinari and Brooks Koepka, are tied at seven under par after the second round. Woods, despite a mishap on the course, is a stroke behind.","AUGUSTA, Ga. — As Tiger Woods was making his stirring late charge up a bunched Masters leaderboard Friday, he was chasing a formidable cast of rivals that included six major golf championship winners.","['Golf', 'Masters Golf Tournament']",https://www.nytimes.com/2019/04/12/sports/masters-second-round-results.html
"At the Masters, Jason Day Again Finds Pain and Perseverance",2019-04-13,article,News,,"The Australian has been ridiculed for always being hobbled by some pain or ailment. This time, his back issues helped him sharpen his focus on the way to a share of the lead.","AUGUSTA, Ga. — The Masters is the major that Jason Day has dreamed of winning since he turned to golf as a teenager to escape an almost certain future working in a meatpacking plant in his native Australia. Day had to be plenty tough to overcome his impoverished beginnings, so it is strange that he has become known on the PGA Tour for his fragility.","['Golf', 'Masters Golf Tournament']",https://www.nytimes.com/2019/04/12/sports/masters-jason-day.html
Eye-Opening Augusta,2019-04-13,article,News,,"Once a year, Augusta National Golf Club opens its exclusive gates to the world for the Masters. The world is treated to a jewel of history and nature.","AUGUSTA, Ga. — Augusta National Golf Club holds a unique place in the American psyche.","['Golf', 'Masters Golf Tournament']",https://www.nytimes.com/2019/04/13/sports/golf/masters-augusta-photographs.html
"Tiger Woods, in Range of Masters Win, Displays His Dominance for New Generation",2019-04-14,article,News,,Woods is tied for second going into the final round at Augusta National. A win would be something no one thought possible by him as recently as two years ago.,"AUGUSTA, Ga. — Twenty-two years after Tiger Woods raised the curtain on golf’s version of the Broadway sensation “Cats,” he has set the stage for a spellbinding encore.","['Golf', 'Masters Golf Tournament']",https://www.nytimes.com/2019/04/13/sports/tiger-woods-masters-augusta.html
How Do You Know Tiger Woods Is Coming? Listen for the Roar,2019-04-14,article,News,,"Ropes and security kept the crowds at the Masters in place, but nothing could contain the sound of their cheers when Woods was around. Imagine if he wins.","The cheering was already raucous as Tiger Woods walked up the 18th fairway on Saturday, but when he smiled and tipped his cap, the volume doubled. The clamor diminished ever so slightly, and then Woods raised his putter in salute, and the roar reached new heights. A few strides later, Woods was on the green, and he offered a wave of his right hand and another grin. This time, the crowd erupted with its most thunderous ovation.","['Golf', 'Masters Golf Tournament']",https://www.nytimes.com/2019/04/13/sports/tiger-woods-cheers-masters.html
"Tiger Woods, in a Stirring Return to the Top, Captures the Masters at 43",2019-04-14,article,News,,"After four back operations and nearly a decade of struggles on and off the golf course, Woods is back at the pinnacle.","AUGUSTA, Ga. — Tiger Woods completed a comeback from personal and professional adversity on Sunday, capturing his fifth Masters title and his 15th major tournament with a victory that snapped a decade-long championship drought and instantly returned him to the top of the sports world.","['Masters Golf Tournament', 'Golf']",https://www.nytimes.com/2019/04/14/sports/tiger-woods-wins-masters.html
"Tiger Woods Showed He Was Back Not With a Shot, but With a Stare",2019-04-14,article,News,,"As he stood on the 12th green, glaring at Francesco Molinari and Tony Finau, Woods found the killer instinct he — and golf as a whole — had been missing.","AUGUSTA, Ga. — If Tiger Woods’s victory at the 2019 Masters is among the greatest comebacks in sports history — and it is at least a leading candidate — its origin will forever be traced to what happened on the 12th hole on Sunday when the old Tiger Woods suddenly reappeared at a major championship for the first time in 11 years.","['Golf', 'Masters Golf Tournament']",https://www.nytimes.com/2019/04/14/sports/tiger-woods-masters-stare.html
Tiger Woods’s Masters Win Joins the Ranks of Great Sports Comebacks,2019-04-15,article,News,,"When athletes begin to fade, it’s usually all over. But a select few, including Michael Jordan and Monica Seles, have returned in triumph.","Tiger Woods hadn’t won a major in 11 years. He had struggled through injury and personal crises. He was dismissed as finished, his years of dominance fading into memory.","['Sports Injuries', 'Tennis', 'Football', 'Baseball', 'Boxing', 'Golf', 'Tour de France (Bicycle Race)', 'Horse Racing', 'Masters Golf Tournament']",https://www.nytimes.com/2019/04/15/sports/tiger-woods-masters-comebacks.html
Tiger Woods Shook Up Golf at the Masters. It Might Be Just the Beginning.,2019-04-15,article,News,,"A favorable schedule could put Woods in position for a serious run at winning all four majors this year, a feat never accomplished in the modern era.","AUGUSTA, Ga. — Jack Nicklaus was fishing in the Bahamas on Sunday as Tiger Woods resumed circling him in the quest for Nicklaus’s record of 18 major golf championships. But in his news conference after winning the Masters for his 15th major title, Woods didn’t sound exactly bloodthirsty.","['United States Open (Golf)', 'PGA Championship', 'Masters Golf Tournament']",https://www.nytimes.com/2019/04/15/sports/tiger-woods-next-tournaments.html
Trump Says He Will Give Tiger Woods the Presidential Medal of Freedom,2019-04-15,article,News,,"The president has lavished praise on Woods, a golf and business partner, for winning the Masters on Sunday in a dramatic comeback.","A day after Tiger Woods won his fifth Masters title and 15th major tournament in a rousing resurrection of his career, President Trump said Monday he would give him an honor almost as exclusive as a green jacket from Augusta National Golf Club: the Presidential Medal of Freedom.","['Masters Golf Tournament', 'Golf', 'Presidential Medal of Freedom']",https://www.nytimes.com/2019/04/15/sports/golf/tiger-woods-medal-of-freedom.html
Golf Looks to a Tiger Boom 2.0,2019-04-16,article,News,,Interest boomed and prize money skyrocketed after Tiger Woods burst onto the scene. In his absence it stagnated. Now comes another chance.,"Through Tiger Woods’s 11 years in the wilderness between major tournament wins, professional golf searched for a successor.","['Masters Golf Tournament', 'Golf']",https://www.nytimes.com/2019/04/16/sports/tiger-woods-golf.html
December Date for U.S. Women’s Open Brings New Challenges,2020-12-10,article,News,,"Golf’s final major tournament is set to play in Houston with coronavirus-related challenges, an unprecedented two-course format, and one of women’s golf’s largest purses.","HOUSTON — The PGA Tour does not have a 72-hole stroke play event this week, and several weekend college football games, including the marquee matchup between Michigan and Ohio State, have been canceled or postponed because of the coronavirus, leaving the best female golfers in the world well positioned to fill the TV viewing void.","[""United States Women's Open (Golf)"", 'Golf', 'Coronavirus (2019-nCoV)', 'Masters Golf Tournament']",https://www.nytimes.com/2020/12/10/sports/golf/womens-us-open.html
"Masters Preview? Rory McIlroy Wins at Bay Hill, and Tiger Woods Makes a Run",2018-03-19,article,News,,"McIlroy earned his first PGA Tour victory since 2016, and Woods, who stayed in the hunt and tied for fifth, advanced his comeback from spinal surgery.","ORLANDO, Fla. — The Australian Adam Scott was asked last week if Tiger Woods could win the Masters.","['Golf', 'Masters Golf Tournament', 'Arnold Palmer Invitational (Golf)']",https://www.nytimes.com/2018/03/18/sports/golf/rory-mcilroy-tiger-woods.html
Tiger Woods Is Back. Will Sponsors Buy In?,2018-03-31,article,News,,"Despite his troubles and controversies, golf fans seem willing — even eager — to embrace Mr. Woods’s comeback. Will corporate America feel the same?","In the past few weeks, Tiger Woods has made a seemingly improbable comeback on the golf course. But can his image rebound the same way off it?","['Golf', 'Masters Golf Tournament', 'ADVERTISING AND MARKETING']",https://www.nytimes.com/2018/03/31/business/tiger-woods-advertising.html
"Tiger Woods and Phil Mickelson Warm Up Together, and to Each Other",2018-04-04,article,News,,"Until Tuesday at Augusta National, Woods and Mickelson, golf’s great rivals for more than two decades, had never played a practice round before a major together.","AUGUSTA, Ga. — Tiger Woods was on the driving range Tuesday at the Masters after playing nine holes in a foursome that included Phil Mickelson when Rory McIlroy sidled up and made him laugh. McIlroy said he had told Woods, “I never thought I’d see the day: Tiger and Phil playing a practice round at Augusta.”","['Golf', 'Masters Golf Tournament']",https://www.nytimes.com/2018/04/03/sports/golf/masters-tiger-woods-phil-mickelson.html
"Matt Parziale Is an Amateur at the Masters, but a Pro Fighting Fires",2018-04-04,article,News,,"Parziale’s often exhausting and sometimes dangerous grind paid off in October when he won the U.S. Mid-Amateur Championship, earning him a spot at the Masters.","No offense to professional golfers, but Matt Parziale has a real job.","['Masters Golf Tournament', 'Golf', 'Fires and Firefighters']",https://www.nytimes.com/2018/04/04/sports/golf/firefighter-matt-parziale-masters.html
Masters 2018: Players to Watch,2018-04-04,article,News,,"Some old faces and some new ones, as players prepare for the first major of the season on the PGA Tour.","Though the Masters rarely lacks for intrigue, the weekly parade of top-class winners this spring has brought stars into alignment like few other years. And that’s before you consider the return of a certain once-dominant big cat on the prowl again.","['Golf', 'Masters Golf Tournament']",https://www.nytimes.com/2018/04/04/sports/golf/masters-players-to-watch.html
"At the Masters’ 12th Hole, Shots Are Left Twisting in the Wind",2018-04-04,article,News,,"Golden Bell, as No. 12 at Augusta National Golf Club is also known, has caused more problems for competitors than almost any other hole on the course.","No matter how many majors Jordan Spieth wins during his career, the 12th hole at Augusta National Golf Club will forever be the scene of heartbreak.","['Masters Golf Tournament', 'Golf']",https://www.nytimes.com/2018/04/04/sports/golf/augusta-national-12th-hole.html
Tiger Woods Bulked Up and Broke Down. Now He’s a ‘Walking Miracle’,2018-04-04,article,News,,"Younger players who watched Woods push the limits, and endure years of pain, marvel at his latest comeback and aim for a balance between golf and life.","AUGUSTA, Ga. — Bryson DeChambeau, a rising star on the PGA Tour, never imagined he would withdraw from a tournament just to avoid pain.","['Golf', 'Masters Golf Tournament']",https://www.nytimes.com/2018/04/04/sports/golf/tiger-woods-masters.html
How Jordan Spieth Took Control at the Masters,2018-04-05,article,News,,"Five straight birdies put Spieth in the lead. Tiger Woods, healthy again and playing well, finished an up-and-down round at 1-over par. Here’s what happened.",[Round 2: Follow our live Masters coverage.],"['Golf', 'Masters Golf Tournament']",https://www.nytimes.com/2018/04/05/sports/masters-tiger-woods-leaderboard.html
Tiger Woods Is More Dogged Than Dazzling in His Return to the Masters,2018-04-06,article,News,,"Woods, appearing in his first major tournament since 2015, shot a one-over-par 73 that required him to repeatedly dig out of trouble.","AUGUSTA, Ga. — The Masters patrons who flocked to watch Tiger Woods’s first round of a major tournament in 963 days did not see the dominant Woods, the surgeon who once carved up par 5s as if they were Easter hams.","['Golf', 'Masters Golf Tournament']",https://www.nytimes.com/2018/04/05/sports/golf/tiger-woods-masters.html
Tony Finau Steals Masters Spotlight After Dislocating Ankle,2018-04-06,article,News,,"Finau had nearly withdrawn from the tournament after his injury on Wednesday, but he played and was tied for second after a wild first round on Thursday.","AUGUSTA, Ga. — Maybe the tone of the opening day of the 2018 Masters tournament was set when the defending champion, Sergio García, hit five balls into the pond in front of the 15th hole for an eventual eight-over-par 13. It matched the highest score ever recorded on any hole at the Masters, which began in 1934.","['Golf', 'Masters Golf Tournament']",https://www.nytimes.com/2018/04/05/sports/tony-finau-masters.html
How Patrick Reed Dominated the Masters on Day 2,2018-04-06,article,News,,"Reed leads the field after the second round of the Masters. Tiger Woods played well enough to make the cut, but he’s 13 strokes off the lead.","Patrick Reed, who played college golf at Augusta State University, looked in command on a familiar course that caused problems for several other contenders, including Jordan Spieth, who lost his two-stroke advantage after Thursday’s round with a double bogey right on the first hole. Reed, on the other hand, finished with nine birdies to shoot 66, the low round of the day, for a two-shot lead over the Australian Marc Leishman (-7) heading into the weekend.","['Golf', 'Masters Golf Tournament']",https://www.nytimes.com/2018/04/06/sports/masters-leaderboard-tiger-woods.html
Day 2 at the Masters Starts With Mayhem and Ends With Patrick Reed in the Lead,2018-04-07,article,News,,"Reed shot a six-under-par 66 and held a two-stroke lead over Marc Leishman. Lurking behind them were eight major winners, while Tiger Woods barely made the cut.","AUGUSTA, Ga. — The second round of the Masters opened with tumult and sloppy play.","['Golf', 'Masters Golf Tournament']",https://www.nytimes.com/2018/04/06/sports/golf/masters-patrick-reed.html
"At the Masters, Low-Tech Data Still Rules",2018-04-07,article,News,,"At Augusta National, caddies and players receive yardage books that provide rudimentary information compared with what is often available at other tournaments. So they have to fill in the blanks.","AUGUSTA, Ga. — The caddie William Lanier was standing behind Augusta National’s 13th hole on Monday, scribbling in a notebook roughly the size of a king-size candy bar, when he overheard a patron ask her husband, “What’s inside those books?”","['Golf', 'Masters Golf Tournament']",https://www.nytimes.com/2018/04/07/sports/golf/masters-augusta-national.html
"Patrick Reed Leads the Masters, With Rory McIlroy’s Grand Slam Hopes Lurking",2018-04-08,article,News,,"McIlroy posted a seven-under-par 65 on Saturday and ended the third round three strokes behind Reed, who has yet to win a major.","AUGUSTA, Ga. — One round now separates Rory McIlroy from one of golf’s most elite constituencies. If on Sunday he can reel in Patrick Reed, the Masters’ 54-hole leader, McIlroy will become the sixth man — and the first since Tiger Woods in 2000 — to complete a career grand slam.","['Golf', 'Masters Golf Tournament']",https://www.nytimes.com/2018/04/07/sports/golf/masters-patrick-reed-rory-mcilroy.html
"Rickie Fowler, Within Reach of a Masters Title, Tries to Keep the Past at Bay",2018-04-08,article,News,,"Less flamboyant, but no less determined, Fowler will seek his first victory in a major tournament on Sunday. He has been close before.","AUGUSTA, Ga. — Rickie Fowler is 29 years old now. The hair is shorter; the golf hat has shrunk; the wardrobe has lost its flamboyance.","['Golf', 'Masters Golf Tournament']",https://www.nytimes.com/2018/04/07/sports/golf/rickie-fowler-masters.html
Patrick Reed Wins the Masters in a Breakthrough Performance,2018-04-08,article,News,,"Reed, 27, had never won a major before, and he had never finished in the top 20 at the Masters.","AUGUSTA, Ga. — Sunday at the Masters began with Patrick Reed and Rory McIlroy in a final-round pairing that resurrected memories of the 2016 Ryder Cup at Hazeltine National Golf Club, where Reed got the best of McIlroy in a riveting singles match.","['Masters Golf Tournament', 'Golf']",https://www.nytimes.com/2018/04/08/sports/golf/patrick-reed-masters-.html
"Jordan Spieth Misses a Victory, but Gains Another Masters Memory",2018-04-09,article,News,,"Spieth’s furious charge came up short on Sunday, but he has established himself as a perennial story line at Augusta National.","AUGUSTA, Ga. — When Jordan Spieth’s birdie putt on the 16th green dropped into the hole just after 5:40 p.m. on another stirring Masters Sunday, Spieth had made up the nine strokes that formed the gap between him and Patrick Reed at the beginning of the day.","['Golf', 'Masters Golf Tournament']",https://www.nytimes.com/2018/04/08/sports/golf/jordan-spieth-misses-a-victory-but-gains-another-masters-memory.html
Masters Tournament Will Allow Limited Number of Fans to Attend,2021-01-12,article,News,,"After hosting the 2020 event without spectators in November, six months delayed from its usual spring date, Augusta National Golf Club announced it would restore some tradition.","This year’s Masters tournament in April will be attended by a limited number of spectators, the Augusta National Golf Club announced Tuesday. The club, which prohibited fans from the event two months ago, did not specify how many fans would be allowed in 2021, adding that spectators would be permitted if, “it can be done safely.”","['Golf', 'Masters Golf Tournament', 'Coronavirus (2019-nCoV)']",https://www.nytimes.com/2021/01/12/sports/golf/masters-patrons-augusta-national.html
"Four Fresh Major Champions, but Still No Golf Savior",2016-08-02,article,News,,"Four first-time major champions last combined to capture golf’s top titles in 2011, perhaps the start of the post-Tiger Woods era. But all the fresh faces have failed to command the sport.","Spotted in the gallery at the P.G.A. Championship this weekend was a spectator wearing a bright red T-shirt — as boldly red as Donald J. Trump’s favorite baseball cap. Across the chest of the T-shirt were four words, written in white capital letters: “Make Tiger Great Again.”","['Golf', 'PGA Championship', 'United States Open (Golf)', 'Masters Golf Tournament', 'British Open (Golf)']",https://www.nytimes.com/2016/08/02/sports/golf/year-ushers-in-four-first-time-major-winners-but-still-no-savior-for-golf.html
‘A Steel-Nerved Master’: How We Introduced Arnold Palmer in 1958,2016-09-26,article,News,,"After winning The Masters, Palmer was featured in a “Man in the News” column in The New York Times.","Arnold Palmer won the first of his seven major championships at the Masters in 1958. Here is an excerpt from Man in the News column in The New York Times on April 7, 1958. ","['Golf', 'Masters Golf Tournament']",https://www.nytimes.com/2016/09/27/sports/arnold-palmer-introduction.html
Tiger Woods Out of Surgery and ‘Recovering’ After Serious Car Crash,2021-02-24,article,News,,"The greatest golfer of his generation sustained leg injuries in the accident that, along with a recent back surgery, could raise questions about the future of his career.","For Tiger Woods, it was a resounding comeback. After a back injury that had seemed destined to end his career, he won the Masters Tournament in 2019, a thrilling return to form that captivated the nation.","['Golf', 'Traffic Accidents and Safety', 'Masters Golf Tournament']",https://www.nytimes.com/2021/02/23/sports/golf/tiger-woods-accident.html
What to Know About Tiger Woods’s Car Crash and Condition,2021-02-24,article,News,,"Woods is recovering from “serious” leg injuries, which are not believed to be life-threatening. The authorities are investigating the crash solely as an accident, not as a criminal case.","Tiger Woods was rushed to a hospital with serious leg injuries on Tuesday morning in Los Angeles County after he was involved in a single-car crash in a hilly area known for car crashes. After emergency surgery on Tuesday, Woods underwent additional procedures on Friday and was said to be “recovering and in good spirits,” according to a statement.","['Traffic Accidents and Safety', 'Golf', 'Masters Golf Tournament']",https://www.nytimes.com/2021/02/23/sports/golf/tiger-woods-car-accident.html
Golf Without Tiger Woods? His Fellow Players Can Barely Imagine,2021-02-25,article,News,,"Woods, 45, has been sidelined before as he recovered from various ailments. But this time, after a car crash that left him with serious leg injuries, feels different.","BRADENTON, Fla. — As a golf prodigy growing up in Northern Ireland, Rory McIlroy not only yearned to compete against his idol Tiger Woods but also hoped to become his good friend. Both dreams came true.","['Golf', 'PGA Championship', 'Masters Golf Tournament', 'Traffic Accidents and Safety']",https://www.nytimes.com/2021/02/24/sports/tiger-woods-golf-pga-crash.html
Tiger Woods and Another Terrible Turn of Fate,2021-02-25,article,News,,"It is easy to cling to memories of Tiger Woods at his peaks, but his vulnerability tells as much, if not more, about his powerful hold on sport and culture.","The sight of his demolished S.U.V., sitting forlornly on a grassy Southern California hillside, belied the image of Tiger Woods as an invincible force marching across the golf course to certain, thrilling triumph.","['Golf', 'Masters Golf Tournament']",https://www.nytimes.com/2021/02/25/sports/golf/tiger-woods-accident.html
"For a Golf Tinkerer, a Strategy Just Crazy Enough to Work",2016-04-04,article,News,,"Bryson DeChambeau, a 22-year-old amateur, will play the Masters with equipment that some observers find baffling: His irons and wedges are the same length and weight.","AUGUSTA, Ga. — How to improve one’s game? It is the eternal question for golfers, as predictable as their next shank. When planted in Bryson DeChambeau’s fertile mind, the query flourished like the grape vines climbing vines from the rich soil of the San Joaquin Valley in California, where he grew into one of the world’s top amateurs.","['Golf', 'Sporting Goods and Equipment', 'Masters Golf Tournament']",https://www.nytimes.com/2016/04/05/sports/golf/for-a-golf-tinkerer-a-strategy-just-crazy-enough-to-work.html
"A Spot at Augusta, Finally, and a Comrade in Trump",2016-04-05,article,News,,"After shooting a sizzling round in March with Donald J. Trump, who helped finance his career, Jim Herman earned his first PGA Tour win and a berth in his first Masters.","AUGUSTA, Ga. — Donald J. Trump jumped at the opportunity to make Jim Herman’s game great. Trump, the front-runner for the Republican presidential nomination, peeled away from the campaign trail last month to play a round of golf with Herman, whose PGA Tour career he has helped finance.","['Golf', 'Masters Golf Tournament']",https://www.nytimes.com/2016/04/05/sports/golf/donald-trump-jim-herman-masters-roundup.html
Jason Day’s Long Rise to No. 1 Began With a Mother’s Save,2016-04-05,article,News,,"Day’s mother, Dening, sent him to a boarding school as a teenager to save him from the streets, after life with an abusive, controlling father.","BRISBANE, Australia — Jason Day’s rise to No. 1 in the world began with a rusted golf club retrieved from a Queensland junkyard.","['Golf', 'Alcohol Abuse', 'Child Abuse and Neglect', 'Masters Golf Tournament']",https://www.nytimes.com/2016/04/06/sports/golf/jason-day-masters.html
"Jordan Spieth, Humbly, Gets Ready to Defend Masters Crown",2016-04-06,article,News,,"Spieth, who won the first two majors of 2015 and ended the year by buying a sprawling estate, is still tiptoeing around Augusta.","AUGUSTA, Ga. — The question posed Tuesday to the reigning Masters champion was about winning four majors in the same year. Is a men’s calendar Grand Slam achievable? With his response, Jordan Spieth humorously addressed how his life changed in 2015 when he became only the second golfer in the last 43 years to win the first two legs.","['Golf', 'Masters Golf Tournament']",https://www.nytimes.com/2016/04/06/sports/golf/jordan-spieth-humbly-gets-ready-to-defend-masters-crown.html
"For Masters, Waiting Is the Hardest Part",2016-04-06,article,News,,"The first shot of this year’s Masters will be struck 235 days after the last putt of the P.G.A. Championship, rattling some players’ nerves.","AUGUSTA, Ga. — Adam Scott had to go two extra holes of sudden death with Ángel Cabrera to become the first Australian to win the Masters. Scott said he was less nervous before the start of that 2013 playoff than he will be Thursday when he stands at the No. 1 tee box for the first drive of his 15th Masters.","['Golf', 'Masters Golf Tournament']",https://www.nytimes.com/2016/04/06/sports/golf/for-masters-waiting-is-the-hardest-part.html
Augusta Presents a Steep Challenge (So Wear the Right Shoes),2016-04-06,article,News,,"Traction turns out to be vital even on a dry day watching the Masters, with Augusta National’s lush terrain more sweeping than meets a spectator’s eye.","AUGUSTA, Ga. — Note to self and all other Masters rookies: Do not wear loafers to Augusta National.","['Golf', 'Masters Golf Tournament']",https://www.nytimes.com/2016/04/07/sports/for-a-first-time-visitor-at-the-masters-the-hills-come-alive.html
"Tiger Woods Is Missing, but So Is Dominance in Golf",2016-04-06,article,News,,"As Woods misses the Masters for only the second time in 22 years, today’s top golfers can only marvel at how long he was able to rule the sport.","AUGUSTA, Ga. — Four of the six amateurs in the Masters field this week were born after Tiger Woods made his Augusta National debut in 1995. They grew up in a world in which Woods’s contending in a major was a given, like spring following winter.","['Golf', 'Masters Golf Tournament']",https://www.nytimes.com/2016/04/07/sports/golf/tiger-woods-is-missing-masters.html
The Achilles’ Heel of Too Many Golfers: A Bad Back,2016-04-07,article,News,,"Phil Mickelson says proper technique can avoid injuries; Bryson DeChambeau, an amateur, believes in same-length irons.","AUGUSTA, Ga. — In his 24th Masters, Phil Mickelson is an evangelist spreading the gospel according to Ernest Jones, whose 1937 book, “Swing the Clubhead Method,” is Mickelson’s sacred text. He teed off Thursday at Augusta National Golf Club with a fourth green jacket in his sights and a message to spread about longevity in the sport.","['Golf', 'Sports Injuries', 'Masters Golf Tournament']",https://www.nytimes.com/2016/04/08/sports/golf/the-achilles-heel-of-too-many-golfers-a-bad-back.html
"9 Strokes, Then What? For Ernie Els, On to 2nd Hole",2016-04-07,article,News,,Els’s 9 was the highest score on the first hole in the 80-year history of the Masters.,"AUGUSTA, Ga. — The first hole at Augusta National, a par 4 measuring 445 yards, requires players to hit from an elevated tee to a fairway that breaks right to left, then hit their second shots to an elevated green. It calls to mind a roller coaster, and it made a few stomachs drop during the opening round of the Masters.","['Golf', 'Masters Golf Tournament']",https://www.nytimes.com/2016/04/08/sports/golf/masters-roundup.html
"Ah, Those Augusta Memories (of 2015): Jordan Spieth Races to Early Lead",2016-04-07,article,News,,"After Arnold Palmer, Jack Nicklaus and Gary Player stirred nostalgia among the fans, Spieth, the defending champion, shot a six-under-par 66 in the first round of the Masters.","AUGUSTA, Ga. — Nostalgia had its moments on the first morning of the Masters on Thursday.","['Golf', 'Masters Golf Tournament']",https://www.nytimes.com/2016/04/08/sports/golf/masters-jordan-spieth-jason-day.html
"At Windy Masters, Jordan Spieth Stumbles, and Rory McIlroy Charges In",2016-04-08,article,News,,McIlroy shot a 71 to move into contention for the only major championship he is missing. He is one shot behind Spieth heading into the third round.,"AUGUSTA, Ga. — Reduce this year’s Masters to Jordan Spieth versus Rory McIlroy at your peril.","['Golf', 'Masters Golf Tournament']",https://www.nytimes.com/2016/04/09/sports/golf/masters-rory-mcilroy-chases-jordan-spieth.html
Ernie Els Awakens From His First-Round Nightmare at the Masters,2016-04-09,article,News,,"Els took six putts from 3 feet for an opening nine Thursday, but rebounded in a strong round the next day.","AUGUSTA, Ga. — On the practice green before his round on Friday at the Masters, Ernie Els made 25 of 28 putts from inside 9 feet. The last one he struck before making his way to the first tee at Augusta National Golf Club was a 2-footer that dropped in the hole.","['Golf', 'Masters Golf Tournament']",https://www.nytimes.com/2016/04/09/sports/ernie-els-awakens-from-his-first-round-nightmare.html
Amateur Champion Brushes Off a Bad End at Masters,2016-04-09,article,News,,"After carding his second consecutive even-par 72, Bryson DeChambeau did not rue the shots that got away.","AUGUSTA, Ga. — Going into the final hole of his second round at the Masters, Bryson DeChambeau, an amateur, was poised to post the lowest round of the day. On 18, he tried a low stinger to keep the ball from getting caught up in the wind and hit over the top of it. His shot landed in a holly bush, and he had to take an unplayable lie, which led to a triple-bogey seven. ","['Golf', 'Masters Golf Tournament']",https://www.nytimes.com/2016/04/09/sports/golf/amateur-champion-bryson-dechambeau-masters.html
At the Masters and Tantalizingly Close to a Coronation,2016-04-09,article,News,,Someone on Sunday will experience the feeling of exiting stage left while his playing competitor basks in the spotlight and takes the final bow.,"AUGUSTA, Ga. — The par-4 closing hole at Augusta National became the Green Quarter-Mile for Brandt Snedeker in 2008. Playing his first Masters as a professional, Snedeker moved into a tie for the lead with his playing competitor, Trevor Immelman, with an eagle on the third hole on the final day.","['Golf', 'Masters Golf Tournament']",https://www.nytimes.com/2016/04/10/sports/golf/at-the-masters-and-tantalizingly-close-to-a-coronation.html
Jordan Spieth’s Lead Disappears,2016-04-10,article,News,,"On the final two holes, Spieth hit wayward tee shots at Nos. 17 and 18, and compounded his misery with poor wedges. His lead all but disappeared.","AUGUSTA, Ga. — The wind played through the Masters on Saturday, blowing sand out of the bunkers and debris onto the greens. It blew the ball of one competitor, Billy Horschel, off the 15th green and into a water hazard, costing him a penalty stroke. The wind was so fierce, it blew Jordan Spieth’s Masters crown askew.","['Golf', 'Masters Golf Tournament']",https://www.nytimes.com/2016/04/10/sports/golf/jordan-spieth-leans-on-short-game-to-hold-lead-at-masters.html
"At Augusta and Wimbledon, Similar Auras of Tradition",2016-04-10,article,News,,"Martin Blackman, a United States Tennis Association official, made his inaugural visit to the Masters. The sports may differ, but the clubs are similarly exclusive.","AUGUSTA, Ga. — Martin Blackman, head of player development for the United States Tennis Association, made his inaugural visit to the Masters on Saturday.","['Golf', 'Tennis', 'Masters Golf Tournament', 'Wimbledon Tennis Tournament']",https://www.nytimes.com/2016/04/10/sports/golf/at-augusta-and-wimbledon-similar-auras-of-tradition.html
Europeans’ Masters Title Drought Looms Large in Rory McIlroy’s 77,2016-04-10,article,News,,European golfers have continued to dominate the United States in the Ryder Cup and have won the other three major tournaments repeatedly. But the Masters has remained elusive.,"AUGUSTA, Ga. — The photos of past Masters champions are on a wall just inside the clubhouse entrance at Augusta National, and at this stage, you have to do some searching to find the last European champion.","['Golf', 'Masters Golf Tournament']",https://www.nytimes.com/2016/04/10/sports/golf/masters-title-drought-of-europeans-looms-large-in-rory-mcilroys-77.html
Danny Willett Wins Masters as Jordan Spieth Folds,2016-04-10,article,News,,"Willett, a 28-year-old Englishman, took advantage of missteps by Spieth, who would have been the first player to repeat as champion since Tiger Woods in 2002.","AUGUSTA, Ga. — After 63 holes of the 80th Masters, Jordan Spieth was five strokes clear of the field. The last nine holes at Augusta National lay before him like a lush green carpet in a coronation ceremony.","['Golf', 'Masters Golf Tournament']",https://www.nytimes.com/2016/04/11/sports/golf/danny-willett-wins-masters-tournament-over-jordan-spieth.html
"An Intense Competition at the 18th, No Golfers Involved",2016-04-11,article,News,,Masters patrons scramble — no running! — for places to set up chairs long before the action reaches the final hole.,"AUGUSTA, Ga. — It was 8 a.m. on a Sunday at the 18th green. The leader of the Masters, Jordan Spieth, was not scheduled to tee off for nearly seven hours and was not expected to complete his round for more than 11 hours.","['Golf', 'Masters Golf Tournament']",https://www.nytimes.com/2016/04/11/sports/golf/an-intense-competition-at-masters.html
Englishman Rises in the Late-Afternoon Augusta Sun,2016-04-11,article,News,,Danny Willett’s surprising win was not quite as big a leap as casual golf fans might suspect: He arrived at the Masters ranked 12th in the world.,"AUGUSTA, Ga. — It had been two weeks of joyful, life-changing whirlwind and with one short putt left to finish off his sparkling 67 in the late Sunday sunshine, Danny Willett removed the white sweater he had worn all day to reveal a green shirt.","['Golf', 'Masters Golf Tournament']",https://www.nytimes.com/2016/04/11/sports/golf/danny-willett-englishman-rises-in-augusta-sun.html
Jordan Spieth Absorbs ‘a Tough One’ With Dignity,2016-04-11,article,News,,"As the defending champion at the Masters, Spieth had to brave the trophy and jacket ceremonies and then answer questions, right after his collapse allowed Danny Willett to win.","AUGUSTA, Ga. — “More important than golf,” Jordan Spieth said Sunday night as a preamble to publicly congratulating the new Masters champion, Danny Willett. And with those words, Spieth showed that he would live to laugh about his Masters meltdown.","['Golf', 'Masters Golf Tournament']",https://www.nytimes.com/2016/04/12/sports/jordan-spieth-masters.html
"A Meltdown, on Deadline: Reporter’s Notebook",2016-04-13,article,News,,Jordan Spieth wasn’t the only one scrambling at the Masters on Sunday.,"Times Insider delivers behind-the-scenes insights into how news, features and opinion come together at The New York Times. In this piece, Karen Crouse, a sportswriter, describes how she scrambled (on deadline) to cover Jordan Spieth’s unexpected meltdown at the Masters.","['Golf', 'Masters Golf Tournament']",https://www.nytimes.com/2016/04/13/insider/a-meltdown-on-deadline-reporters-notebook.html
"For Jordan Spieth, a Four-Week Break Seems to Heal All Wounds",2016-05-12,article,News,,"For his first 18-hole round in front of a paying public since his meltdown at the Masters, Spieth seemed to be in good spirits — and in good form.","PONTE VEDRA BEACH, Fla. — Jordan Spieth was standing over his ball on the 10th tee at T.P.C. Sawgrass when Rickie Fowler fished a bottle of water from a cooler and tossed it over Spieth’s head to Justin Thomas on the opposite side of the tee box. Spieth did not flinch.","['Golf', 'Masters Golf Tournament', 'Players Championship (Golf)']",https://www.nytimes.com/2016/05/12/sports/golf/for-jordan-spieth-a-four-week-break-players-championship.html
"20 Years Ago, Tiger Woods Made His Grand Entrance at the Masters",2017-04-03,article,News,,"In 1997, everyone became a footnote to a player whose four victories in his first full season on the PGA Tour included a record win at the Masters.","Gabriel Hjertstedt made history as a rookie on the PGA Tour, becoming the first Swede to win a tournament. In any other season, he would have stood out among his fellow first-year players. But it was 1997, when everyone — first-year players and veterans alike — became a footnote to Tiger Woods, whose four victories in his first full season as a professional included his record 12-stroke rout at the Masters.","['Golf', 'Masters Golf Tournament']",https://www.nytimes.com/2017/04/03/sports/golf/20-years-ago-tiger-woods-made-his-grand-entrance.html
Rory McIlroy on Playing With Trump Again: ‘I’d Think Twice About It’,2017-04-05,article,News,,"McIlroy, who needs a Masters title to complete a career Grand Slam, found himself answering questions about playing golf with President Trump.","AUGUSTA, Ga. — It was so much easier for Rory McIlroy eight years ago when he first came to the Masters tournament as nothing more than a winsome 19-year-old, curly-headed wunderkind. Back then, it would have been almost inconceivable that his choice of golfing partners would ignite an international political firestorm.","['Golf', 'Masters Golf Tournament']",https://www.nytimes.com/2017/04/04/sports/golf/masters-rory-mcilroy.html
Jason Day Enters Masters ‘a Little Bit Unprepared’ but With a Clearer Head,2017-04-05,article,News,,"Day, a former No. 1 player who has had to deal with a back injury and his mother’s illness, has few external expectations this year at Augusta.","AUGUSTA, Ga. — The beast that is the modern news cycle — the one that demands, What have you done for us in the last hour? — had taken its focus off Jason Day and shifted it to the resplendent rookie Jon Rahm and Dustin Johnson, the world No. 1 and winner of his last three tournaments.","['Golf', 'Masters Golf Tournament']",https://www.nytimes.com/2017/04/05/sports/golf/masters-jason-day-mother-cancer.html
"Dustin Johnson Hurts His Back in a Fall, but Still Hopes to Play",2017-04-05,article,News,,"The world’s top-ranked golfer slipped on a set of stairs in the house he is renting for the Masters. He landed “very hard” on his back, his agent said.","AUGUSTA, Ga. — Top-ranked Dustin Johnson, who has won his last three tournaments, slipped Wednesday afternoon on a set of stairs in the rental house where he is staying and hurt his back, his agent, David Winkle, confirmed.","['Golf', 'Masters Golf Tournament']",https://www.nytimes.com/2017/04/05/sports/golf/masters-notebook-dustin-johnson-augusta-national.html
It Takes a Small Army to Equal Arnie,2017-04-06,article,News,,There will never be another Arnold Palmer. But many of his endearing qualities can be found in the men competing at the Masters. Together they form golf’s composite King.,"The first major event after a patriarch’s passing can be rough on his family. As the golf community gathers at Augusta National Golf Club for the Masters this week, Arnold Palmer’s absence from the tournament he dearly loved and won four times will be acutely felt.","['Masters Golf Tournament', 'Golf']",https://www.nytimes.com/2017/04/06/sports/golf/masters-arnold-palmer.html
Arnold Palmer’s Absence Is Felt at Augusta’s First Tee,2017-04-06,article,News,,"For the first time since 2006, Palmer was not alongside Jack Nicklaus and Gary Player for the ceremonial tee shots at Augusta National Golf Club.","AUGUSTA, Ga. — The wind was stinging their faces, but that was not why Jack Nicklaus and Gary Player had tears in their eyes as they prepared for their ceremonial tee shots at the Masters.","['Golf', 'Masters Golf Tournament']",https://www.nytimes.com/2017/04/06/sports/golf/masters-2017-first-round-notebook.html
Dustin Johnson Withdraws From the Masters With a Back Injury,2017-04-06,article,News,,"Johnson, the world’s top-ranked golfer, sustained a lower back injury in a fall down the stairs of his rental home near the course Wednesday.","AUGUSTA, Ga. — The last player to win the Masters while ranked No. 1 in the world was Tiger Woods in 2005. That streak is safe for at least another year after Dustin Johnson withdrew on Thursday because of a lower back injury he sustained in a fall down the stairs of his rental home near the course on Wednesday afternoon.","['Golf', 'Masters Golf Tournament', 'Sports Injuries', 'Falls']",https://www.nytimes.com/2017/04/06/sports/golf/masters-dustin-johnson-withdraws.html
Jordan Spieth Discovers That Disaster Always Lurks at the Masters,2017-04-07,article,News,,"Spieth, done in by a quadruple bogey on the 12th hole in the final round at Augusta last year, parred the hole Thursday, but had a quadruple bogey on the 15th.","AUGUSTA, Ga. — Jordan Spieth may have wadded up the quadruple-bogey 7 he made on the 12th hole in the final round of last year’s Masters and pulverized it in his mental trash compactor. But the crowd that blanketed the hill beside Nos. 11 and 12 as Spieth’s group came into view Thursday afternoon had tucked away the memory and carried it through the gates with them.",['Masters Golf Tournament'],https://www.nytimes.com/2017/04/06/sports/golf/jordan-spieth-the-masters.html
Charley Hoffman Grabs Four-Stroke First-Round Lead at Windy Augusta,2017-04-07,article,News,,"As gusts of up to 40 miles per hour bedeviled most players, Hoffman shot a remarkable seven-under-par 65, birdieing nine holes, including all four par-3s.","AUGUSTA, Ga. — Fred Couples, playing in his 32nd Masters this year, said he had never seen wind so fierce at Augusta National Golf Club.","['Golf', 'Masters Golf Tournament']",https://www.nytimes.com/2017/04/06/sports/golf/charley-hoffman-masters-tournament.html
Sergio García Shares Masters Lead After Scoring Mishap,2017-04-07,article,News,,"For part of Friday’s second round, García mysteriously gained two strokes, but he is tied with Rickie Fowler, Charley Hoffman and Thomas Pieters at four-under.","AUGUSTA, Ga. — For nearly 20 years, Augusta National Golf Club has been Sergio García’s personal torture chamber. As has been his wont, García has persistently lamented his fate on the grounds, as if he were cursed.","['Masters Golf Tournament', 'Golf']",https://www.nytimes.com/2017/04/07/sports/golf/masters-second-round.html
"Chasing Golf History, Rory McIlroy Struggles With an Elusive Quarry",2017-04-08,article,News,,"Only five men have won a career Grand Slam. To become the sixth, McIlroy must figure out how to ignore the distraction and concentrate on winning the Masters.","AUGUSTA, Ga. — For Rory McIlroy, the Masters title is like a feather. Every time he has tried to grasp it, the energy from his effort has pushed it out of his reach.","['Golf', 'Masters Golf Tournament']",https://www.nytimes.com/2017/04/07/sports/golf/rory-mcilroy-masters-career-grand-slam.html
Phil Mickelson to Join Jordan Spieth in a Marquee Pairing,2017-04-08,article,News,,"Mickelson and Spieth finished the second round of the Masters tied, so they will tee off together in a pairing that is sure to attract a following.","AUGUSTA, Ga. — At 46, Phil Mickelson is twice as old as Jordan Spieth is. But they were equals on the Masters leaderboard Friday, tied at even par after Mickelson carded a 73 and Spieth a 69 on another windy day at Augusta National.","['Golf', 'Masters Golf Tournament']",https://www.nytimes.com/2017/04/07/sports/golf/masters-phil-mickelson-jordan-spieth.html
A Note to Tiger Woods: Victory Isn’t the Only Path to Joy,2017-04-08,article,News,,"Woods, a four-time Masters champion who has been battling back issues, could learn from an example set by Arnold Palmer.","AUGUSTA, Ga. — Dear Tiger,","['Golf', 'Masters Golf Tournament']",https://www.nytimes.com/2017/04/08/sports/golf/tiger-woods-arnold-palmer-masters.html
Justin Rose and Sergio García Top Leaderboard at Masters,2017-04-09,article,News,,"Rose and García stand at six under par after 54 holes at Augusta National. Rose shot a 67 on Saturday, while Garcia carded a 70.","AUGUSTA, Ga. — The 81st Masters tournament is being played in the memory of Arnold Palmer, but it could be dedicated to spine specialists.","['Golf', 'Masters Golf Tournament']",https://www.nytimes.com/2017/04/08/sports/golf/masters-third-round.html
Jordan Spieth Returns to Contention by Playing ‘Without Fear’,2017-04-09,article,News,,Spieth trailed by 10 strokes after the first round but has used an aggressive approach to reduce that deficit to two entering the final round.,"AUGUSTA, Ga. — Jordan Spieth stood in the woods, his line of sight blocked by a tree and his ball 228 yards from the 13th green.","['Golf', 'Masters Golf Tournament']",https://www.nytimes.com/2017/04/08/sports/golf/masters-jordan-spieth.html
Masters 2017: Sergio García Finally Wins First Major Title,2017-04-09,article,News,,"Playing in his 74th major tournament, García, 37, outdueled Justin Rose in a playoff to win the green jacket.","AUGUSTA, Ga. — The Arnold Palmer of Europe was Seve Ballesteros, who was very, very good when he hit his drives straight and even better when they went crooked. In 1980, three months after Sergio García was born, Ballesteros won the first of his two Masters titles.","['Golf', 'Masters Golf Tournament']",https://www.nytimes.com/2017/04/09/sports/golf/masters-2017-sergio-garcia-finally-wins-first-major-title.html
Same Old Sergio Writes a New Script,2017-04-10,article,News,,"Sergio García had long felt the disdain of fans put off by his attitude. But with a more mellow approach and an underdog’s charm, he won them over at the Masters.","AUGUSTA, Ga. — Throughout the first nine holes of Sunday’s final round at the Masters, Sergio García was greeted with thunderous applause from the grandstands. Just 15 years ago, when he was perceived as precocious but persnickety, he was ridiculed by crowds at American major golf championships. But now García, 37, was a fan favorite.","['Golf', 'Masters Golf Tournament']",https://www.nytimes.com/2017/04/09/sports/golf/masters-sergio-garcia-fans.html
Masters 2017: Europeans Dominated the Leader Board,2017-04-10,article,News,,"Led by Sergio Garcia of Spain, golfers from Europe occupied five of the first eight places.","AUGUSTA, Ga. — The 81st Masters began with a look back at the life and legacy of Arnold Palmer, a four-time champion whose death last September hung over Augusta National like the dark rain clouds that burst and wiped out the par-3 contest. It ended with the sun shining luminously on Europe.","['Golf', 'Masters Golf Tournament']",https://www.nytimes.com/2017/04/10/sports/masters-2017-augusta-national-sergio-garcia.html
Masters Will Play Without Augusta’s Famed Roars,2020-08-12,article,News,,"Augusta National Golf Club announced Wednesday that this year’s tournament will be played without patrons, making it the last of men’s golf majors to bar spectators.","The Augusta National Golf Club announced Wednesday that the 2020 Masters Tournament, postponed from its traditional April date to Nov. 12 to 15, will be held without patrons or guests in attendance. The decision was a response to the coronavirus pandemic and came after many other fixtures of the men’s professional golf schedule, including last week’s P.G.A. Championship, the first major championship of this unconventional year, previously were conducted without spectators.","['Golf', 'Masters Golf Tournament', 'Coronavirus Reopenings']",https://www.nytimes.com/2020/08/12/sports/golf/masters-no-fans-patrons.html
"Healing Rory McIlroy, and Others, Start Fast in Mexico",2017-03-03,article,News,,"McIlroy, who broke a rib in January and missed four tournaments, carded a 68 and was one stroke off the lead during the first round of a World Golf Championships event.","NAUCALPAN DE JUÁREZ, Mexico — By the time March rolls around, Rory McIlroy is typically weary of questions about the Masters, the last major title he needs to complete a career Grand Slam. In the lead-up to his past two competitive forays to the Masters at Augusta National, McIlroy has endured an endless loop of questions about his preparedness, his confidence and his putting.","['Golf', 'Masters Golf Tournament']",https://www.nytimes.com/2017/03/02/sports/golf/masters-rory-mcilroy-pga.html
"Masters Favorite? Dustin Johnson, With Plenty of Competition",2017-03-06,article,News,,"With his victory in the World Golf Championships event in Mexico, Johnson emerged with the slight edge, but there are many top challengers.","NAUCALPAN DE JUÁREZ, Mexico — All but one of golf’s leading men assembled for one final casting call to pick a favorite to win the Masters. Given the results of the World Golf Championships event at Club de Golf Chapultepec, Dustin Johnson emerged with the slight edge, but it’s the quality of the ensemble cast that stands out as the PGA Tour heads to Augusta National’s grand stage next month.","['Golf', 'Masters Golf Tournament']",https://www.nytimes.com/2017/03/06/sports/golf/masters-favorite-dustin-johnson.html
